index,coton1,coton2,coton3,coton4,coton5,coton6,coton7,coton8,coton9,coton10,coton11,coton12,coton13,coton14,coton15,coton16,coton17,coton18,coton19,coton20,laine1,laine2,laine3,laine4,laine5,laine6,laine7,laine8,laine9,laine10,laine11,laine12,laine13,laine14,laine15,laine16,laine17,laine18,laine19,laine20,polyamide1,polyamide2,polyamide3,polyamide4,polyamide5,polyamide6,polyamide7,polyamide8,polyamide9,polyamide10,polyamide11,polyamide12,polyamide13,polyamide14,polyamide15,polyamide16,polyamide17,polyamide18,polyamide19,polyamide20,polyster1,polyster2,polyster3,polyster4,polyster5,polyster6,polyster7,polyster8,polyster9,polyster10,polyster11,polyster12,polyster13,polyster14,polyster15,polyster16,polyster17,polyster18,polyster19,polyster20
1550,0.355241865,0.353572309,0.350834996,0.371672243,0.369931668,0.374015838,0.369616538,0.375796795,0.373239249,0.35646534,0.38271299,0.359625757,0.365217984,0.362393141,0.355276525,0.349146843,0.358970881,0.383600444,0.360991836,0.365104258,0.416123271,0.414700687,0.410298139,0.41130054,0.420717776,0.445636481,0.463537723,0.444493085,0.424005598,0.425278306,0.473547041,0.450698316,0.425825596,0.436084509,0.441982806,0.421677262,0.425880343,0.40646717,0.421362907,0.443136215,0.217823535,0.229203463,0.199128181,0.205602601,0.205375791,0.210238546,0.205550447,0.211368069,0.242403656,0.208401933,0.215181902,0.20809561,0.216747984,0.217320502,0.214943916,0.221143186,0.215301558,0.211400792,0.217149749,0.211053237,0.20241721,0.194958001,0.204125941,0.197740838,0.191589028,0.19998838,0.207095101,0.194727644,0.196054474,0.199560851,0.210901558,0.215458825,0.20136708,0.209735319,0.204324588,0.217276827,0.199267417,0.194445312,0.200595692,0.201864943
1560,0.353413254,0.352088451,0.349357814,0.370885551,0.368712276,0.372715235,0.368734449,0.374161303,0.370922714,0.353989899,0.380823374,0.358129293,0.363818377,0.36092791,0.353461415,0.347938418,0.357995838,0.381718755,0.359665096,0.364217579,0.411572427,0.410263449,0.405905902,0.406822205,0.415949553,0.440952331,0.459395885,0.439808071,0.41955024,0.420386344,0.469694227,0.446848929,0.420472592,0.431275308,0.437476486,0.416973561,0.421117097,0.402575046,0.416993231,0.438714594,0.218311742,0.229134589,0.199110001,0.205653027,0.205525443,0.210316896,0.205921441,0.211550832,0.242442414,0.20873405,0.215254083,0.208325267,0.216927841,0.217438877,0.214860782,0.221084386,0.215250179,0.211423278,0.217313454,0.211277694,0.202591062,0.195062354,0.204332009,0.197957739,0.1919384,0.199934468,0.207308382,0.195251867,0.196509734,0.199901,0.210534155,0.21574533,0.202007651,0.210191756,0.204939708,0.217701599,0.199523032,0.194965139,0.200847849,0.202390313
1570,0.351771563,0.350490421,0.347830951,0.369587749,0.367226511,0.371080369,0.367033243,0.372752488,0.368425101,0.351785332,0.379269093,0.357006371,0.362211257,0.359551698,0.352259129,0.346060097,0.357074708,0.379922479,0.358338475,0.36365962,0.408849686,0.407927126,0.403474927,0.404184401,0.413113683,0.437656552,0.456620932,0.43659839,0.417089403,0.417271793,0.46650514,0.443658054,0.416407108,0.428526849,0.434458971,0.41435039,0.418706179,0.399847925,0.414485306,0.435927719,0.219058111,0.229654044,0.199902564,0.206141338,0.205921695,0.210899323,0.20647344,0.212272495,0.243037254,0.20920904,0.21593608,0.209098637,0.217567056,0.217849478,0.215579569,0.221557483,0.215768769,0.211971983,0.217943624,0.212111384,0.203388542,0.195518926,0.204844519,0.198527545,0.192550048,0.200768888,0.207818955,0.19576636,0.197027966,0.200490281,0.21112521,0.216176614,0.202231437,0.210803926,0.205821186,0.218411595,0.200194091,0.195685685,0.201284826,0.20300661
1580,0.350424528,0.348689795,0.346818119,0.368447989,0.365732104,0.369547695,0.365874797,0.37110433,0.365982503,0.349155188,0.377296418,0.355852395,0.361020714,0.358315647,0.351085991,0.344444662,0.355633438,0.377712488,0.356571198,0.363023132,0.406525552,0.40549165,0.401105851,0.401985645,0.41048187,0.434561729,0.454115272,0.433712363,0.414285272,0.41461271,0.463861108,0.441317022,0.41317904,0.425923616,0.431639075,0.412189692,0.416313261,0.398076385,0.412416518,0.433362275,0.22029981,0.230767801,0.200747728,0.207080305,0.206785738,0.211564451,0.207395002,0.212953493,0.24349539,0.209825411,0.216889188,0.210200876,0.217956156,0.2184553,0.21612075,0.222230077,0.216416299,0.212677434,0.218809292,0.212639973,0.204188868,0.196564272,0.205723941,0.199119255,0.193352848,0.201776698,0.208505139,0.196312025,0.197619677,0.201464713,0.211965188,0.217089489,0.202963859,0.211593062,0.206620634,0.219503805,0.200818747,0.196686596,0.202179641,0.203868732
1590,0.347711205,0.34661594,0.344345301,0.365957618,0.363670498,0.36686945,0.363889486,0.368956327,0.36257723,0.346559376,0.374627054,0.354119807,0.358739078,0.356037974,0.348623395,0.342192441,0.353519768,0.37509647,0.354386061,0.361200929,0.403827608,0.402629256,0.398355514,0.39912042,0.407179445,0.430889875,0.450944453,0.430361003,0.411409676,0.411146969,0.4607324,0.438319892,0.409186453,0.422908038,0.428189486,0.409237713,0.413496524,0.395491868,0.409826934,0.430695295,0.221728593,0.231974542,0.201910183,0.207787454,0.207592741,0.212521434,0.20876424,0.213902906,0.244081557,0.210698918,0.217927933,0.211131871,0.219187677,0.219316721,0.216888815,0.223275065,0.217203528,0.213699579,0.22004877,0.213802829,0.20545584,0.197587445,0.206794962,0.200168058,0.194608942,0.202611893,0.209286705,0.197214171,0.198745564,0.202557668,0.212956414,0.21791105,0.204041883,0.212829247,0.208001405,0.220610172,0.201757506,0.197527811,0.203099698,0.205037072
1600,0.344453603,0.343101025,0.341502786,0.363023281,0.360113591,0.363016248,0.360376984,0.365492821,0.3581025,0.342818499,0.371186018,0.351127952,0.355136573,0.353160888,0.345572948,0.338579178,0.351072341,0.37133649,0.350713491,0.358464956,0.400969505,0.39976728,0.395907193,0.396404743,0.403694719,0.427214146,0.448034465,0.426958025,0.408451766,0.407934606,0.457902491,0.435130894,0.405384451,0.419841707,0.424771935,0.406233549,0.410443991,0.392573565,0.407210439,0.427437395,0.223624244,0.233592346,0.203336909,0.209327862,0.20888482,0.213628545,0.210276976,0.215299681,0.245773122,0.212207839,0.219485909,0.212620243,0.220862523,0.220699832,0.218209952,0.224361137,0.21872358,0.215057597,0.221235931,0.215420052,0.206814036,0.199073404,0.208312303,0.201424748,0.195923254,0.204236209,0.210514694,0.198838487,0.200247943,0.203911945,0.214221463,0.219143599,0.205509365,0.214265764,0.209384322,0.221982285,0.203155443,0.199198246,0.204755008,0.206770539
1610,0.339010835,0.337766796,0.336732209,0.358187884,0.355343193,0.35800308,0.355419964,0.360080749,0.351859003,0.337977588,0.365606219,0.346613735,0.350173503,0.348328263,0.340710431,0.332814336,0.345803112,0.365128934,0.345506549,0.353587389,0.398170233,0.397093296,0.393226773,0.393990993,0.400496036,0.423758984,0.445153087,0.423949778,0.405463934,0.404747218,0.454796433,0.432388246,0.401968718,0.416756868,0.421577632,0.403646827,0.407545,0.39036262,0.404557556,0.424533695,0.225800544,0.23575978,0.205465317,0.211456552,0.211039275,0.215666592,0.212503657,0.21736683,0.247626975,0.214264736,0.221518978,0.21470508,0.222896263,0.222428665,0.220185474,0.226425201,0.220681682,0.217398137,0.223178983,0.217381775,0.209447548,0.201665327,0.210667372,0.203870341,0.198491648,0.206549197,0.212903023,0.201182783,0.202754736,0.206643879,0.216688856,0.221701339,0.207794219,0.216677636,0.212090597,0.225095034,0.205277815,0.202200681,0.207526863,0.209513977
1620,0.334188491,0.333040267,0.332069069,0.353599012,0.350479513,0.352578133,0.350884438,0.355165213,0.346271753,0.333157361,0.360155791,0.34187603,0.345194459,0.343343079,0.336113483,0.327564538,0.341191769,0.359279096,0.340669096,0.349226058,0.395970464,0.395032316,0.391244233,0.391540557,0.397617131,0.420672446,0.442859381,0.421117663,0.403357148,0.402206749,0.451851934,0.430110574,0.398709387,0.414344013,0.418996215,0.40111348,0.40531069,0.388220221,0.402442157,0.422061712,0.228866994,0.238107041,0.20835568,0.214992061,0.213711351,0.218434796,0.214995384,0.220149234,0.250364572,0.216695368,0.22419849,0.21750243,0.225719839,0.224996537,0.222854018,0.228755295,0.222926363,0.219786599,0.225861207,0.219882712,0.212048575,0.20463714,0.213670671,0.206745282,0.20150651,0.209227234,0.215790257,0.204089791,0.20566529,0.209807575,0.219661966,0.22481145,0.210576445,0.21941328,0.214825794,0.227720261,0.207996562,0.205185175,0.210292861,0.212372601
1630,0.329401374,0.328048021,0.32763049,0.34866178,0.346132845,0.347704589,0.34596628,0.350509703,0.340523362,0.329100072,0.355011195,0.338252813,0.340165347,0.339123517,0.331352979,0.322395414,0.336801738,0.353953421,0.335608393,0.344534725,0.39421767,0.393024087,0.389567465,0.390079707,0.395734519,0.417869717,0.441025764,0.418880731,0.401162773,0.400038332,0.449978858,0.428255975,0.396472156,0.412326813,0.416389287,0.399623245,0.40331611,0.386977375,0.401056856,0.420162708,0.233149007,0.242155075,0.21212092,0.219092056,0.217649132,0.22263889,0.218567893,0.224344343,0.254567474,0.220699057,0.228273019,0.221377611,0.229746297,0.22878781,0.226697952,0.232796282,0.226950243,0.223879084,0.230035841,0.224071279,0.216205269,0.208911777,0.217865169,0.210921884,0.205545798,0.2133331,0.219951004,0.20805198,0.209561482,0.213646948,0.223780796,0.228871167,0.214971125,0.223476604,0.21909605,0.232108369,0.212071151,0.209615096,0.214538798,0.216590002
1640,0.32477501,0.323327214,0.323610097,0.344471395,0.341873974,0.343251854,0.34155643,0.34570539,0.335476518,0.32554692,0.349948227,0.33482939,0.336262643,0.335447311,0.32694298,0.318153948,0.332756758,0.348058492,0.331428707,0.340189695,0.393011332,0.391865432,0.388909459,0.389158785,0.394287139,0.415890962,0.440052837,0.417093039,0.400045335,0.398782909,0.449196249,0.426720917,0.394658685,0.411293775,0.414682388,0.398481667,0.40243423,0.386323124,0.400355697,0.419021189,0.241037652,0.249737084,0.220024079,0.227267757,0.225353777,0.230830207,0.22644408,0.231898248,0.26274696,0.228060752,0.235869557,0.229011491,0.237940773,0.237084419,0.234852225,0.240765959,0.234890059,0.231538579,0.237632498,0.231357872,0.224849373,0.217178226,0.226433039,0.219483256,0.213927314,0.221743822,0.228534728,0.216459155,0.217986763,0.222173199,0.232740313,0.237936839,0.223599687,0.23211579,0.227715284,0.240652993,0.220723629,0.218612641,0.222985238,0.224908069
1650,0.321519017,0.320178509,0.32026577,0.341294885,0.338554323,0.339574844,0.338303953,0.342560887,0.331281692,0.323552847,0.346289188,0.332296014,0.332457066,0.332259119,0.323869765,0.314528137,0.329820246,0.34381035,0.328017086,0.337160289,0.393141478,0.392443568,0.389073759,0.388942122,0.393913597,0.414826632,0.439474612,0.41677174,0.399642974,0.398237497,0.44862479,0.426772833,0.394022822,0.41118148,0.414535224,0.398376375,0.402388632,0.386299074,0.400572181,0.418648988,0.252977937,0.261123776,0.231520668,0.239647686,0.237629458,0.243350804,0.23807627,0.243792668,0.275268853,0.239781663,0.247834697,0.241330296,0.249954328,0.249370262,0.246620625,0.252854198,0.246941119,0.243531629,0.249574676,0.242747024,0.237048447,0.229374677,0.238888234,0.232288286,0.226054579,0.233908147,0.240845323,0.228565171,0.230154559,0.234131366,0.245415136,0.25099206,0.236184075,0.244267404,0.239494309,0.253001958,0.232898399,0.231039301,0.235347465,0.237405941
1660,0.318172425,0.316777319,0.317708343,0.338214397,0.335799575,0.336646497,0.335155308,0.339306802,0.327747226,0.320986152,0.342581421,0.329535276,0.329694837,0.329256505,0.320492834,0.311214983,0.326577693,0.339208901,0.324968457,0.334602356,0.394989461,0.394165874,0.391565025,0.391278446,0.395791173,0.415897489,0.441356301,0.41803351,0.40143016,0.400025547,0.450126946,0.428855747,0.39566958,0.413051546,0.416188508,0.400829226,0.404137999,0.38845697,0.402694106,0.420497239,0.262366086,0.270118624,0.24082391,0.249874488,0.246943995,0.2533409,0.247930437,0.253286183,0.285039842,0.249595329,0.257516205,0.250765324,0.260228187,0.259546697,0.256729275,0.262681484,0.257079035,0.253540397,0.259660363,0.252574325,0.248017535,0.240020066,0.249675959,0.243194804,0.236621559,0.244522437,0.251452357,0.239135355,0.240477696,0.244849607,0.257210195,0.261729538,0.246626928,0.254942983,0.249894083,0.263663709,0.243699327,0.242140472,0.246059865,0.247786552
1670,0.316066951,0.314791054,0.315746069,0.336419374,0.3340092,0.334406227,0.33278513,0.336833686,0.324923426,0.319922358,0.340197593,0.328876615,0.327582419,0.327430785,0.3185893,0.309239596,0.324685633,0.335346788,0.322714031,0.332588255,0.399823606,0.399131924,0.396943599,0.396723062,0.400491744,0.420073092,0.445891231,0.423237026,0.406145632,0.405235559,0.454708546,0.433543056,0.400038272,0.4180713,0.421088368,0.405754149,0.408968031,0.393582761,0.408053547,0.425570279,0.262188762,0.269218504,0.240516737,0.249342695,0.246708557,0.253053635,0.24713926,0.252904683,0.284442335,0.249273062,0.257015139,0.250389516,0.259858012,0.258926034,0.256504804,0.262185484,0.256595731,0.253038019,0.259098411,0.252413183,0.248137921,0.239976749,0.249566257,0.243305519,0.236810058,0.244474977,0.251472503,0.238865852,0.24063845,0.244631171,0.257139504,0.261551201,0.246716917,0.255120903,0.250237912,0.264079332,0.243246377,0.242139742,0.246078297,0.248337626
1680,0.314706147,0.313763767,0.315128446,0.33542484,0.333591133,0.333093882,0.331052125,0.335872352,0.323556036,0.319841743,0.339250952,0.328447282,0.326289326,0.326547801,0.317590863,0.308169276,0.324114591,0.333073676,0.321163535,0.332005531,0.408358932,0.407458603,0.405839682,0.404840767,0.408280283,0.427614093,0.453880548,0.431185544,0.414253026,0.413036913,0.462098598,0.442048371,0.40795204,0.426534414,0.428775668,0.414236009,0.417194128,0.4020271,0.415907532,0.433464855,0.258396178,0.265041798,0.236590579,0.245425344,0.24222225,0.249140859,0.242989019,0.24902685,0.280216694,0.245217964,0.252778858,0.24659811,0.255262196,0.254658669,0.252205342,0.257666528,0.252176702,0.248712897,0.255015641,0.24822095,0.243661404,0.235755861,0.245194778,0.23845695,0.232294694,0.240137413,0.246533528,0.234368697,0.236051172,0.239986733,0.253386438,0.256984919,0.242172569,0.250341326,0.246341646,0.259806305,0.238735169,0.23780039,0.241624013,0.243861645
1690,0.315233856,0.313818693,0.315497488,0.335558802,0.33354944,0.332665414,0.331060916,0.336313039,0.32313183,0.320583314,0.338608682,0.32924971,0.326611668,0.326539516,0.317713201,0.308537185,0.324037582,0.331350595,0.321043521,0.332427084,0.4165456,0.415966481,0.414704859,0.41341427,0.416360557,0.434513897,0.461673349,0.439333141,0.422398448,0.421555459,0.47052142,0.450814486,0.41621691,0.435114205,0.436848879,0.422854632,0.425951272,0.410111427,0.425068706,0.44145602,0.254229218,0.260302573,0.232280642,0.240832433,0.23776862,0.24468182,0.238547593,0.244690374,0.275369406,0.240760952,0.248752743,0.241929993,0.250875771,0.249925151,0.247638375,0.253423303,0.24777016,0.244080052,0.250670969,0.244027287,0.2390147,0.231034189,0.240172684,0.233602047,0.227895886,0.235233858,0.241685018,0.229368538,0.231320217,0.234990731,0.248656675,0.251454443,0.237101793,0.24559401,0.24180606,0.255426973,0.233564511,0.233063102,0.237130672,0.239198402
1700,0.316517562,0.315179706,0.31670633,0.337138772,0.335443825,0.3343153,0.332648337,0.337815702,0.324882686,0.322795957,0.339662433,0.331372231,0.328009367,0.328256339,0.319140941,0.310644835,0.325972736,0.33075875,0.322995752,0.334358037,0.421834588,0.421065897,0.420693517,0.418608993,0.421952695,0.439238399,0.466735721,0.4442738,0.427384019,0.426684737,0.475492388,0.456532121,0.421125233,0.440766066,0.442034304,0.428207427,0.430944234,0.415602416,0.429997742,0.446553469,0.252433896,0.258005261,0.230281234,0.238889903,0.235651404,0.242647395,0.236660972,0.242783293,0.273274392,0.238699779,0.247058466,0.240100294,0.248819157,0.247863501,0.245682046,0.251593739,0.245760396,0.242164344,0.248870447,0.242260695,0.237087861,0.229185164,0.238191664,0.231706753,0.226149291,0.233275488,0.23981151,0.227483362,0.229789138,0.233378798,0.246727616,0.249435812,0.235307187,0.243817672,0.240171745,0.254140258,0.231422082,0.231058151,0.235050455,0.237703949
1710,0.317837268,0.316672742,0.318178952,0.338723689,0.336999565,0.335308671,0.333582282,0.339393169,0.325744897,0.325263053,0.340681732,0.33325842,0.329545915,0.329573303,0.320376426,0.312198967,0.327111989,0.33010748,0.323829144,0.336116284,0.424694151,0.42387864,0.423917621,0.42166853,0.424737245,0.441643447,0.469080895,0.44730559,0.430436462,0.429511636,0.478097737,0.459277719,0.423657238,0.443314373,0.4442783,0.43119961,0.433611155,0.418633133,0.433396161,0.449381769,0.2526308,0.256199062,0.22994867,0.239003614,0.235524461,0.242501229,0.236451849,0.242543355,0.273084879,0.238747284,0.246838927,0.239948496,0.248331815,0.247709855,0.245510027,0.251326472,0.245365128,0.241698667,0.249039575,0.242143676,0.236715078,0.228793427,0.237849802,0.230967954,0.225827724,0.233023047,0.239392146,0.226740763,0.229405537,0.232905045,0.246144906,0.248839229,0.234921485,0.243573681,0.240230069,0.253980339,0.231348038,0.230689019,0.234876901,0.2371687
1720,0.318944365,0.317600757,0.319473773,0.339830458,0.338276178,0.335859746,0.333949,0.340116143,0.326818377,0.326199889,0.34140107,0.334820092,0.330304265,0.330650866,0.321493417,0.313094288,0.328094304,0.328949779,0.324646622,0.337192297,0.429036111,0.428701282,0.428351372,0.425931633,0.4295865,0.445352554,0.473638028,0.451607972,0.434498727,0.433689684,0.482301384,0.463681757,0.428274989,0.448107034,0.448482454,0.435430169,0.438108265,0.422911108,0.437666923,0.4534159,0.25211069,0.255181164,0.230071887,0.238796666,0.235053703,0.242419258,0.236115053,0.242110401,0.272449464,0.238733292,0.246772841,0.239768177,0.248216674,0.247470707,0.245070517,0.250862896,0.244907111,0.241389185,0.248429403,0.24172467,0.23625949,0.228385881,0.237400889,0.230629936,0.225549713,0.232597485,0.238855883,0.226130769,0.228950575,0.23238349,0.245874926,0.248039752,0.234436959,0.242984533,0.239699572,0.253544688,0.23068282,0.230555758,0.234274253,0.23684302
1730,0.320172161,0.318935722,0.320499897,0.341337591,0.339755118,0.336739957,0.334955275,0.342007458,0.328570902,0.327986687,0.342282653,0.336746544,0.331878543,0.332209378,0.322974354,0.314922333,0.329628676,0.32844016,0.326062471,0.339095354,0.434010476,0.433350503,0.433934063,0.431097329,0.434517652,0.449667573,0.478310108,0.456829399,0.439223737,0.438513994,0.487195939,0.469037592,0.433086932,0.453224421,0.453121692,0.440400213,0.443259656,0.427566797,0.442270756,0.458336383,0.251171619,0.252915978,0.228986397,0.237279773,0.234231681,0.24137421,0.234900728,0.241057575,0.271083117,0.237273961,0.245937362,0.23863624,0.246890247,0.24616763,0.243881792,0.24966307,0.243678868,0.240051925,0.247446954,0.240905687,0.2346517,0.226984516,0.235766068,0.229220673,0.224122152,0.231081814,0.237558275,0.22417976,0.227552369,0.230992272,0.243931502,0.246510103,0.232967675,0.241661996,0.238383397,0.252311707,0.229200527,0.229217559,0.232727394,0.23532699
1740,0.321298987,0.319940507,0.321624368,0.342629373,0.341033399,0.337884605,0.335588485,0.343632787,0.329807371,0.329414427,0.342947841,0.33821407,0.332737118,0.333157837,0.323943317,0.316165954,0.330301613,0.32775417,0.326784194,0.340028673,0.436760545,0.436184287,0.437499911,0.433773696,0.437490135,0.452357024,0.480924755,0.459826469,0.441871047,0.441570342,0.490284622,0.471939862,0.43662867,0.456418067,0.455673099,0.443154395,0.446175933,0.430484414,0.445319444,0.461250186,0.248527288,0.25006637,0.226715669,0.235052139,0.231633052,0.239192918,0.232458428,0.238627449,0.268898696,0.235193729,0.243557125,0.23648718,0.244665593,0.243738711,0.241490245,0.24714832,0.241464332,0.237444222,0.245087177,0.23813343,0.232338667,0.224854633,0.233562961,0.226707593,0.221750975,0.2288142,0.235561907,0.222056553,0.225351691,0.229387805,0.242385924,0.243585244,0.230569229,0.239119202,0.236345485,0.250464171,0.226897597,0.227018178,0.230898082,0.233078077
1750,0.322334558,0.321499586,0.322591931,0.343717456,0.342190683,0.338247269,0.336686015,0.344668806,0.330837488,0.330056787,0.343745977,0.338990927,0.333918422,0.334083378,0.325202763,0.317531854,0.331428438,0.326756448,0.328099728,0.34095031,0.435903758,0.43522042,0.436520994,0.432614774,0.436753392,0.45107004,0.479475468,0.458781093,0.440865725,0.440334529,0.48918435,0.470728844,0.436059028,0.455781728,0.454719335,0.442071795,0.444930583,0.429211885,0.444043368,0.460303932,0.246498644,0.248012856,0.224536538,0.232756853,0.229258984,0.236647278,0.230083227,0.236488834,0.266197771,0.232859865,0.241542429,0.234286472,0.242346123,0.241386399,0.239292294,0.244910657,0.238906145,0.235171035,0.242752194,0.236238614,0.229629532,0.22260578,0.231139421,0.224182785,0.219073579,0.226366907,0.233088568,0.219570711,0.223066121,0.226877049,0.239224449,0.240795925,0.228087708,0.236915544,0.234030277,0.248210266,0.224294975,0.224921629,0.22823301,0.230914608
1760,0.323708802,0.322349519,0.323820412,0.344765246,0.34352991,0.339739501,0.337649524,0.346179336,0.332312465,0.330889523,0.344532311,0.340281576,0.335346699,0.335213274,0.326895356,0.318521887,0.332589775,0.325946122,0.328849882,0.341692328,0.432168096,0.43121779,0.433074236,0.428579956,0.433480054,0.447185993,0.476251096,0.455584109,0.436907679,0.436550915,0.486092716,0.466835499,0.432771742,0.451812208,0.450803846,0.437983543,0.440783352,0.425295562,0.439874023,0.456402272,0.244842961,0.247034281,0.223152846,0.231083229,0.228018612,0.235330462,0.228566453,0.234957248,0.264684856,0.23123014,0.240356252,0.232922122,0.240613714,0.239925563,0.237541407,0.24319312,0.237200916,0.233316198,0.241309732,0.234698936,0.228150442,0.220641583,0.229578197,0.2223434,0.217805117,0.224848777,0.231650606,0.21769622,0.221245527,0.225385576,0.23688066,0.2384734,0.226321742,0.234920606,0.232583463,0.246984541,0.222774401,0.223256454,0.226488382,0.2291556
1770,0.324727029,0.323746353,0.324892133,0.345939666,0.345275074,0.340409726,0.338627517,0.347724408,0.33382538,0.33256951,0.345326424,0.342128038,0.336918414,0.336198539,0.32805106,0.320504099,0.334362239,0.325343281,0.330241442,0.342427403,0.428267032,0.427365482,0.429409415,0.424529612,0.430068731,0.442883909,0.473038882,0.451555431,0.433215469,0.432865798,0.482764482,0.463553488,0.429916024,0.44822675,0.447168142,0.433838546,0.436790377,0.421443462,0.435590923,0.45299992,0.24364239,0.246092215,0.221766084,0.229914814,0.226811185,0.233909383,0.227169827,0.233726457,0.263500184,0.23009564,0.238882989,0.231559634,0.239059806,0.238523781,0.236052111,0.241928458,0.236215606,0.231905967,0.239996269,0.233216852,0.226780996,0.219470769,0.228213698,0.221274838,0.216324314,0.223501593,0.230054483,0.216568381,0.220031768,0.223969087,0.23476395,0.236880839,0.224786088,0.233498558,0.231602028,0.246126741,0.221031114,0.2218059,0.225136459,0.227708459
1780,0.325589269,0.324619353,0.325358421,0.346650183,0.345993012,0.340798408,0.338664562,0.348903388,0.334861249,0.332736641,0.345690936,0.3436611,0.337542504,0.336918861,0.329167128,0.321078032,0.334732533,0.323988467,0.330681682,0.342248499,0.425303578,0.424396724,0.426429152,0.4220438,0.427794665,0.43967846,0.470068067,0.44889909,0.430262595,0.430060267,0.480370522,0.460707933,0.426993459,0.445077032,0.44394967,0.430597216,0.433657318,0.418624967,0.432588279,0.449822664,0.242290035,0.245608404,0.220860064,0.228933468,0.225717872,0.232822865,0.225976959,0.23260951,0.262075871,0.228937984,0.237833917,0.230388746,0.238058493,0.237238288,0.235004917,0.240747705,0.234886855,0.230592921,0.238943696,0.232043222,0.2253346,0.217986345,0.227117598,0.219920203,0.214780763,0.222129211,0.228747308,0.214995891,0.218851924,0.222696155,0.234424561,0.235436395,0.223543555,0.232377782,0.230469584,0.245123774,0.219811887,0.220611423,0.224008411,0.226004139
1790,0.3263973,0.325351745,0.326036721,0.347262174,0.346689641,0.341420472,0.338972628,0.349826634,0.335736066,0.333576351,0.346018642,0.344312727,0.338656276,0.337732852,0.32978642,0.321857035,0.335246831,0.323377699,0.331641167,0.341762573,0.423374027,0.422317743,0.424542993,0.420062214,0.425985068,0.437710464,0.468467832,0.446922451,0.428117424,0.428190619,0.478821754,0.458804011,0.425889909,0.443569809,0.442300797,0.428162158,0.43188709,0.416699648,0.430411398,0.448040396,0.24182947,0.245189771,0.220609665,0.228664473,0.225470871,0.232468411,0.225375473,0.231971502,0.261846185,0.228489116,0.237557516,0.230073467,0.237624794,0.237076953,0.234402001,0.240677014,0.234382957,0.229768008,0.238437131,0.231522039,0.22523649,0.217495546,0.226367339,0.219523415,0.214506552,0.221940979,0.228530437,0.214910328,0.21837534,0.222483709,0.23531346,0.234928519,0.223347783,0.232264772,0.230196521,0.244863391,0.219376385,0.220479459,0.223441347,0.22563757
1800,0.326850682,0.32543388,0.326450139,0.346886873,0.346770376,0.341250151,0.338893175,0.350415945,0.336035162,0.333363622,0.34585768,0.345241696,0.339008838,0.337795079,0.329838663,0.322042972,0.335217357,0.323151261,0.331844598,0.340669245,0.422258556,0.421217829,0.423776329,0.419119149,0.424871713,0.436539739,0.467221081,0.445900589,0.427163005,0.427066237,0.477950424,0.457436174,0.424764842,0.442519873,0.440871596,0.427109659,0.430430382,0.415543586,0.429033101,0.44673273,0.24177295,0.244674593,0.220419765,0.228505507,0.225290284,0.23268421,0.225297585,0.232416466,0.261848539,0.228289798,0.237616971,0.23008956,0.237712055,0.237052515,0.234468043,0.240240425,0.234514728,0.229653776,0.238333508,0.231772333,0.225342467,0.217955217,0.226614118,0.219511062,0.214762121,0.222290665,0.228537008,0.214802951,0.218449861,0.222326458,0.236144036,0.234931856,0.223658785,0.232367933,0.230310261,0.245598748,0.219133854,0.220797136,0.223942339,0.225777775
1810,0.327198684,0.325980127,0.326404989,0.346517146,0.347608894,0.341447055,0.338811725,0.350896955,0.336782902,0.33345747,0.346288532,0.346010476,0.339339495,0.338335782,0.329945117,0.322269648,0.335537195,0.32300511,0.33150205,0.340035439,0.421153814,0.420377553,0.422972798,0.418081373,0.423930436,0.435096532,0.466302872,0.444739938,0.425976247,0.426077127,0.477093875,0.456204891,0.424137175,0.441502124,0.439743847,0.425676882,0.429430574,0.414498866,0.427495271,0.445590943,0.241644472,0.244572937,0.220539331,0.228435546,0.225373521,0.232577756,0.225035831,0.232040659,0.261815578,0.228226438,0.237393022,0.230007783,0.237811312,0.23700431,0.234339207,0.240017638,0.234343171,0.229530767,0.238436103,0.231532976,0.224859327,0.217713654,0.226229742,0.219353855,0.214618817,0.222201824,0.228258088,0.214503929,0.217884406,0.221495613,0.235122502,0.234510854,0.223237664,0.232118711,0.229853332,0.245673075,0.218752101,0.220633447,0.223534584,0.225263059
1820,0.327093899,0.325979352,0.326458305,0.34595266,0.347769946,0.3415142,0.338468403,0.35114181,0.33640492,0.333597153,0.345772624,0.346237361,0.339421958,0.338216603,0.330143273,0.321981847,0.335746914,0.323654652,0.331535906,0.339893609,0.420111001,0.419097781,0.421937823,0.41684562,0.42235437,0.433587551,0.464808434,0.443203121,0.424651682,0.42483744,0.475837409,0.454724759,0.422880024,0.440388113,0.437944233,0.424564093,0.428440124,0.413599491,0.426216662,0.444271117,0.241129369,0.243970633,0.22030136,0.228059396,0.225224108,0.232493654,0.224627137,0.231698632,0.261457413,0.2280671,0.237066716,0.229548365,0.237681538,0.236846626,0.234082595,0.240131736,0.234208241,0.229326263,0.238113359,0.231325418,0.224796116,0.217418581,0.226096362,0.219409496,0.214526832,0.222279996,0.228396952,0.21446906,0.217707753,0.221489668,0.234383121,0.234693557,0.223138347,0.232163727,0.229950339,0.246036559,0.218894556,0.221050277,0.223206326,0.224994242
1830,0.32704711,0.325871915,0.326254189,0.345452279,0.34763056,0.340695769,0.337908983,0.351057947,0.336116284,0.332945913,0.345152318,0.346596867,0.339694977,0.337890595,0.329830915,0.321148515,0.335617483,0.32398349,0.331524253,0.339690089,0.418862224,0.417966992,0.421021432,0.415565073,0.421226382,0.432117939,0.463371992,0.442178041,0.422923118,0.423853695,0.474607795,0.45353964,0.421444595,0.439313143,0.436315119,0.423307151,0.427255303,0.412474304,0.425022364,0.442909151,0.240385652,0.243449509,0.219431683,0.227445811,0.224581122,0.231870517,0.223934576,0.230964169,0.260828644,0.227465302,0.236211821,0.228971273,0.237223357,0.236370698,0.233506411,0.239278913,0.233762547,0.228613198,0.237193778,0.23088707,0.224065423,0.217115447,0.225977167,0.218704209,0.213911474,0.221463248,0.227710471,0.213823065,0.217416197,0.220644802,0.233432755,0.234434471,0.22305207,0.231851175,0.229676053,0.245849073,0.218257412,0.220380589,0.222623765,0.22452867
1840,0.326444417,0.325211734,0.325764388,0.344144791,0.347256452,0.339940399,0.3372567,0.350531906,0.335705221,0.332486719,0.344284147,0.345891893,0.338787079,0.337657392,0.328989565,0.32046923,0.334790111,0.32447502,0.330667078,0.339505374,0.417737693,0.416943103,0.419676274,0.414359838,0.420341939,0.430799127,0.462535441,0.441270947,0.421580255,0.422679424,0.474293113,0.452319235,0.420527756,0.438543051,0.435174406,0.421970427,0.425919324,0.411529213,0.424001366,0.441508323,0.239488021,0.242574811,0.218386084,0.226650715,0.223555028,0.231438503,0.223166347,0.230101883,0.259608775,0.226661012,0.235169798,0.227917537,0.236316532,0.235382006,0.232542202,0.23840791,0.232911408,0.227654025,0.23657389,0.229745463,0.223139256,0.216289863,0.224857509,0.218013361,0.213118196,0.220688134,0.226757601,0.212756395,0.216397971,0.21958591,0.232426986,0.233265966,0.221910089,0.230763316,0.228608072,0.245031923,0.217434734,0.219898462,0.22182475,0.223210961
1850,0.325840324,0.32477951,0.324441969,0.342953742,0.346425265,0.338981181,0.336415052,0.350236058,0.334544688,0.332116038,0.343190342,0.345252842,0.337977529,0.336508006,0.328548133,0.319414318,0.333311528,0.325826347,0.329198331,0.33819589,0.418036997,0.417343199,0.420391351,0.41459924,0.420904011,0.431364298,0.462707788,0.441557109,0.421989888,0.423031867,0.474519551,0.453192085,0.420612723,0.439025402,0.4348813,0.421844184,0.426072776,0.411833435,0.424158216,0.441687137,0.238242194,0.242106512,0.217762157,0.225969121,0.222809866,0.230284438,0.222178206,0.229209259,0.25898245,0.226003781,0.234469026,0.227475449,0.235788956,0.234734133,0.231959611,0.237700284,0.232149541,0.227050662,0.235727489,0.228996888,0.22238633,0.215237513,0.2241752,0.21662648,0.212210119,0.219928101,0.225832641,0.2116604,0.215223536,0.218833417,0.232170358,0.232085884,0.221181124,0.229939133,0.227426276,0.244554698,0.216452643,0.218869835,0.220704958,0.222005203
1860,0.326097667,0.324674964,0.324648023,0.342983186,0.347342074,0.339318156,0.336996943,0.350645661,0.334946603,0.332471877,0.342887014,0.345746577,0.338376135,0.336814314,0.328632772,0.318844348,0.333520383,0.329096556,0.329383641,0.338126749,0.420393795,0.419431448,0.422726333,0.416847825,0.42350477,0.433410466,0.465175271,0.444104016,0.423913658,0.42579934,0.477501273,0.455829084,0.423007131,0.441984326,0.436683595,0.42401576,0.428004444,0.414190769,0.426027209,0.444245905,0.237949729,0.24278152,0.217518568,0.225943416,0.222629026,0.230540663,0.221860513,0.229058206,0.258839011,0.225702301,0.234539598,0.227450579,0.235927358,0.234799638,0.231858283,0.237658218,0.231963858,0.226874769,0.235601664,0.228970841,0.2221957,0.215211809,0.224187732,0.216769055,0.212064445,0.21999228,0.225586131,0.211805984,0.21547319,0.218686357,0.233028218,0.232312426,0.220998392,0.230238602,0.227025732,0.244957432,0.216396436,0.218449101,0.220698461,0.222146779
1870,0.328606606,0.326856881,0.326898336,0.345634013,0.350192457,0.341942549,0.339800954,0.354087561,0.337283075,0.335478425,0.344613761,0.348437995,0.340540588,0.338850915,0.330768108,0.321196109,0.335399568,0.334442943,0.330946505,0.339929193,0.426455915,0.425226778,0.428686202,0.423085392,0.430520058,0.440012753,0.471440822,0.450384855,0.429801762,0.432496578,0.48448354,0.462982804,0.42947492,0.448714167,0.442633808,0.429455787,0.433850974,0.420089483,0.431296498,0.449706465,0.237398699,0.24375537,0.217316449,0.226110041,0.22250621,0.230609119,0.22196731,0.229128927,0.25900054,0.225825235,0.234390497,0.227505773,0.23601003,0.23486957,0.231850386,0.237994149,0.231852636,0.226802632,0.235944107,0.228694662,0.222082287,0.215140983,0.224379882,0.217192441,0.212003112,0.220231935,0.225529224,0.211683065,0.215375036,0.218930945,0.234007165,0.232555777,0.221296683,0.230263323,0.226971328,0.245441422,0.216828838,0.218586698,0.220798939,0.221924976
1880,0.333245069,0.33172074,0.331371605,0.350320458,0.355783075,0.34714666,0.344835848,0.359522671,0.341989756,0.340425193,0.348087966,0.352954298,0.34465912,0.343391299,0.334702462,0.324965596,0.338896751,0.341151834,0.334356576,0.343381971,0.439025611,0.437699854,0.441255808,0.435339093,0.443748564,0.453367621,0.484625757,0.463857204,0.442367285,0.445610911,0.497470409,0.477402449,0.442432076,0.461778164,0.454848796,0.441275924,0.445623249,0.432450801,0.443103135,0.462094992,0.237336546,0.244391903,0.217493281,0.226780593,0.223023519,0.231194481,0.222100675,0.22964175,0.259788871,0.22619091,0.235283598,0.228151232,0.236674592,0.235315382,0.232483968,0.238007352,0.232176974,0.227079734,0.236489281,0.229130894,0.222315744,0.215380952,0.224508658,0.2176999,0.212380797,0.220685333,0.225844651,0.21214661,0.215780556,0.219413668,0.234759107,0.233536944,0.221708968,0.230933413,0.226883203,0.24586919,0.217609227,0.218953907,0.220684901,0.222425506
1890,0.342837751,0.34068799,0.33980754,0.36029458,0.366144538,0.356191427,0.354258209,0.369937748,0.35112834,0.34999454,0.355933815,0.361707598,0.35324499,0.351755917,0.343441397,0.332860082,0.346571475,0.352122575,0.341909587,0.35119769,0.459372818,0.457694232,0.461401939,0.455808699,0.464988649,0.474184632,0.505309105,0.485155791,0.462694705,0.466994733,0.517806351,0.49933818,0.462634534,0.482655913,0.474849761,0.460811734,0.464995384,0.452025741,0.462120473,0.481833577,0.238285884,0.245974198,0.219052881,0.228928074,0.224625185,0.232933894,0.224074796,0.230985224,0.261794806,0.228169531,0.237250358,0.230360016,0.238746926,0.237147063,0.233882561,0.239610434,0.233764097,0.228262246,0.238343462,0.230774179,0.223282933,0.216786072,0.226460382,0.219196156,0.2135427,0.222590312,0.227754205,0.213986024,0.217301756,0.220929712,0.237211958,0.235962749,0.223367348,0.233175039,0.228478432,0.247840554,0.219562083,0.220637411,0.222102106,0.223876491
1900,0.355585724,0.353283733,0.352378339,0.37393716,0.380388051,0.369609535,0.367622435,0.384066105,0.36408338,0.363332152,0.366719931,0.374799609,0.36514625,0.3643246,0.355211467,0.344653547,0.358316243,0.367113799,0.353219151,0.362353802,0.484462976,0.482174993,0.486545265,0.480929613,0.490701139,0.500398576,0.531188667,0.51174587,0.487994254,0.493232012,0.543445706,0.525547445,0.488415807,0.509164453,0.500207305,0.484802663,0.489754468,0.477111995,0.486092389,0.506706655,0.239765346,0.248714685,0.221589297,0.232488528,0.227406263,0.235954806,0.226731598,0.233526528,0.265057325,0.231038988,0.240323976,0.234095156,0.241866514,0.240255415,0.23649396,0.241904512,0.236055315,0.230756357,0.241124868,0.233145952,0.224838823,0.218783632,0.228964522,0.221797436,0.21567148,0.225636348,0.230136082,0.216582999,0.219887689,0.222906649,0.241720974,0.239188209,0.226334125,0.236577824,0.231453001,0.251193315,0.222439468,0.222863913,0.224359274,0.225928262
1910,0.369838417,0.367215633,0.365851521,0.388330638,0.395697147,0.384214967,0.381340265,0.399274647,0.378176391,0.377435595,0.378943712,0.388671219,0.37847665,0.377724558,0.36857757,0.357708007,0.370296836,0.38334164,0.365079015,0.374813169,0.508511662,0.506032348,0.510685742,0.50566268,0.517090142,0.5258075,0.557039857,0.537581086,0.51301676,0.51888001,0.568903625,0.551221132,0.513562262,0.535119891,0.52581495,0.509048343,0.512771666,0.501120567,0.50939858,0.531912923,0.240634352,0.250070572,0.222687423,0.234087124,0.228675783,0.237274945,0.228164703,0.234660536,0.266642958,0.232396051,0.241891995,0.235806957,0.243660271,0.241452917,0.237645388,0.243097782,0.237494498,0.231743649,0.242568567,0.234252021,0.225648716,0.219711632,0.230321035,0.222760439,0.216611952,0.227044672,0.231149435,0.217878476,0.220995203,0.224004984,0.244274542,0.240731627,0.227899209,0.238000721,0.232744738,0.253314942,0.223719522,0.223486081,0.225196838,0.226952508
1920,0.38164854,0.378666848,0.377040237,0.400832325,0.408708334,0.396931887,0.393567264,0.412337095,0.390081108,0.389755487,0.389683336,0.400324017,0.389559746,0.38885203,0.380084872,0.368716776,0.380902529,0.397131622,0.37573424,0.385598421,0.528714776,0.526221991,0.531183124,0.526567161,0.539477766,0.547889292,0.579824626,0.55986923,0.534692407,0.540600479,0.591120064,0.573333979,0.535314023,0.557504296,0.547067523,0.530196786,0.5330621,0.520975053,0.529272735,0.553351164,0.239881575,0.249763086,0.222206235,0.23320812,0.228020981,0.236607909,0.227232158,0.233842999,0.265819788,0.231712088,0.240879759,0.234798491,0.242810458,0.240937963,0.236983895,0.242406458,0.236800373,0.231056303,0.241932973,0.233374044,0.225194529,0.219082534,0.229762822,0.221974298,0.216208681,0.226197749,0.230452597,0.2171399,0.220330119,0.222988307,0.243731499,0.240240157,0.227055073,0.237414747,0.232012302,0.25330472,0.22336185,0.223075956,0.224679515,0.226748005
1930,0.389372349,0.386004329,0.383538783,0.409003317,0.417038918,0.405217886,0.401309282,0.420731604,0.397564024,0.397276193,0.395652711,0.407607764,0.396404117,0.396013767,0.386985242,0.375035524,0.387293577,0.405375242,0.382269382,0.391726553,0.543972671,0.54151541,0.546513677,0.542884648,0.556680918,0.56448406,0.597170711,0.576529384,0.550913274,0.557470858,0.608840704,0.589995205,0.55205822,0.575207472,0.563535094,0.545997262,0.548918962,0.536516547,0.544971168,0.570036054,0.239441425,0.249733731,0.221385062,0.23221007,0.227342993,0.235960245,0.226453498,0.23318544,0.265483588,0.230833605,0.23966369,0.233566776,0.241755158,0.240047827,0.236429051,0.241818354,0.236310557,0.230699286,0.240894496,0.232961431,0.225176096,0.218848631,0.228964254,0.221696377,0.216174141,0.225472182,0.230185777,0.216518566,0.219551265,0.22221306,0.242644191,0.239644766,0.226360753,0.236520916,0.231669635,0.253333479,0.222953662,0.222779855,0.224582553,0.22645615
1940,0.392593354,0.389274836,0.386051089,0.4135032,0.421189725,0.409803063,0.405043632,0.425242871,0.401337713,0.401263297,0.398526579,0.411218792,0.399443656,0.398979485,0.390650302,0.377585173,0.389498562,0.408645868,0.38498944,0.394733131,0.555342138,0.552243471,0.557656229,0.553705215,0.56917733,0.576714814,0.610324681,0.589660645,0.563195586,0.56983763,0.622060776,0.602790713,0.564093769,0.587390661,0.57540673,0.557799518,0.559989452,0.547629893,0.555712521,0.582229793,0.239584506,0.250303417,0.221241653,0.232024893,0.22694619,0.236244589,0.226333216,0.233151257,0.26544714,0.230959892,0.239487618,0.233017862,0.241531998,0.240247622,0.236699775,0.241695091,0.236628577,0.230928212,0.240708232,0.232899547,0.225599885,0.21935223,0.2293569,0.222322449,0.216848582,0.225429028,0.230307713,0.216772288,0.219512776,0.222408831,0.24267365,0.239952281,0.22659117,0.236547425,0.231454149,0.254065126,0.222908542,0.223408446,0.225010499,0.226970538
1950,0.393583626,0.389890462,0.386405408,0.415140003,0.42272076,0.411023498,0.406006783,0.426766485,0.401806831,0.401471972,0.399053127,0.411903918,0.400348425,0.399199069,0.391371667,0.377963394,0.38924709,0.408725977,0.385132819,0.395139068,0.561639607,0.558612406,0.564955413,0.560478806,0.577048242,0.583235681,0.617662728,0.59709543,0.570033073,0.577531457,0.630339086,0.610213876,0.571445644,0.5951823,0.582560897,0.56459415,0.567174137,0.553910732,0.562341452,0.589483857,0.239840522,0.251134187,0.221287504,0.232097685,0.227173895,0.236809567,0.226608008,0.233523607,0.265662789,0.231041849,0.239371255,0.232913315,0.241740614,0.240783438,0.237313613,0.242138848,0.237089604,0.231279522,0.240733698,0.233229771,0.226613894,0.220105916,0.229957893,0.222910494,0.217534199,0.226013497,0.230804801,0.217288062,0.220009506,0.223022476,0.242923215,0.240745053,0.226996914,0.236709997,0.231898248,0.255343139,0.223463088,0.223964229,0.225573391,0.227839664

